Region;Nazwa;UE_do_2004;UE_od_2004;R_2004;R_2005;R_2006;R_2007;R_2008;R_2009;R_2010;R_2011;R_2012;R_2013;R_2014;R_2015;R_2016;R_2017;R_2018;R_2019;R_2020;R_2021;;;;
BE10;Région de Bruxelles-Capitale/Brussels Hoofdstedelijk Gewest;1;0;52800;53900;55100;55800;55300;54200;56600;55800;56700;56700;57800;59500;59400;60600;61600;63400;60900;66200;;;;
BE21;Prov. Antwerpen;1;0;30600;32400;33000;34400;34800;33200;35100;35700;36700;37000;37600;39100;39900;40900;41900;43400;43000;46900;;;;
BE22;Prov. Limburg (BE);1;0;21400;21800;22800;23800;24400;22700;24100;24900;25400;25600;26600;26900;27400;28300;29100;29700;29200;32300;;;;
BE23;Prov. Oost-Vlaanderen;1;0;23200;23900;24900;26100;26200;25700;27100;27600;28300;28800;29100;30400;31000;32000;32600;33500;33000;36300;;;;
BE24;Prov. Vlaams-Brabant;1;0;27000;28000;29300;30400;30800;30700;31800;32200;33500;33800;34500;35800;36700;37600;38700;39900;36500;39800;;;;
BE25;Prov. West-Vlaanderen;1;0;24400;25200;26600;27800;27800;26800;28400;28900;29800;30400;31200;32000;32800;33700;34500;35700;35200;39000;;;;
BE31;Prov. Brabant wallon;1;0;26600;28400;28000;30000;30800;30500;34600;32100;33600;34900;36200;36900;38600;40200;44300;49600;46500;46500;;;;
BE32;Prov. Hainaut;1;0;17100;17600;18000;18600;19200;18200;19400;19900;20100;20100;20600;21100;21200;21800;22500;22800;22300;24600;;;;
BE33;Prov. Li?ge;1;0;19000;19700;20200;20900;21500;20900;21900;22500;22500;22600;23200;23600;23900;24600;25300;26100;25300;28000;;;;
BE34;Prov. Luxembourg (BE);1;0;17500;18200;19100;19300;19300;18800;19700;20000;19400;19500;20200;20700;20700;21300;21800;22500;22100;24200;;;;
BE35;Prov. Namur;1;0;17900;18600;19300;19700;20400;19900;21200;21300;21800;21900;22300;22600;22900;23500;24100;24500;24100;26300;;;;
BG31;Severozapaden;0;1;5700;6300;6200;6700;7100;6600;6800;7400;7500;7500;8100;8100;8500;9200;10200;10100;10800;12800;;;;
BG32;Severen tsentralen;0;1;5800;6500;6600;7000;7500;7100;7300;7900;8400;8500;9100;9200;9600;10100;10700;11100;11200;12800;;;;b ? ?
BG33;Severoiztochen;0;1;6600;7200;7800;8600;9500;8700;9000;9600;10000;9900;10600;10900;11200;11800;12500;12900;12600;14000;;;;
BG34;Yugoiztochen;0;1;6800;7800;7800;8100;9000;8800;9200;9500;10100;10200;10900;11000;12300;12900;12800;12600;11700;14600;;;;
BG41;Yugozapaden;0;1;11000;12400;14000;16400;18200;17700;19000;19500;19600;19400;20300;21500;22500;23800;25200;27900;27800;31100;;;;
BG42;Yuzhen tsentralen;0;1;5800;6400;6700;7200;7600;7400;7800;8200;8600;8500;8600;9300;9700;10300;11000;11600;12000;12300;;;;
CZ01;Praha;0;1;37100;39800;41800;46400;48500;46400;47700;47800;47700;49500;51400;54200;55800;58700;62300;64600;61700;65800;;;;
CZ02;Strední Cechy;0;1;16500;16800;18000;19600;20300;19000;18500;19500;19600;19700;20900;21800;22800;24300;24700;26800;24500;25700;;;;
CZ03;Jihozápad;0;1;15700;16400;17300;18200;18200;18100;18200;18600;18500;19300;20100;20800;21300;22800;23700;24500;23700;24900;;;;
CZ04;Severozápad;0;1;13600;14200;14700;15800;16200;16300;15800;16000;16000;16300;16700;17600;17600;18600;19000;20100;19000;19800;;;;
CZ05;Severovýchod;0;1;14200;14900;15600;16800;17200;16700;16800;17500;17100;17800;18800;19600;20300;22000;22800;23800;23300;24400;;;;
CZ06;Jihovýchod;0;1;14900;15600;16500;18300;19400;18700;18700;19400;19700;20600;21100;22100;22400;23800;25100;26300;26200;27700;;;;
CZ07;Strední Morava;0;1;13300;13800;14500;15700;16800;16300;16400;17100;17100;17600;18800;19500;20200;21600;22400;23600;22900;24400;;;;
CZ08;Moravskoslezsko;0;1;13400;14800;15300;16800;17700;16600;17000;18000;18200;18000;19200;19900;20500;21600;22800;22800;21600;23600;;;;
DK01;Hovedstaden;1;0;32900;34800;35600;36900;38700;37400;41000;40600;41000;42300;43700;45900;46400;49200;50600;50900;51500;57700;;;;
DK02;Sj?lland;1;0;19600;19900;21100;21500;21500;20800;22200;22500;22700;22800;23100;24600;24600;26000;26800;27500;27600;28800;;;;
DK03;Syddanmark;1;0;24000;24100;26200;27600;28700;27400;29100;29900;29700;30500;31200;31900;32600;33800;34500;35300;35700;37700;;;;
DK04;Midtjylland;1;0;24800;25000;27300;28300;29300;28300;29000;30000;29500;30000;30600;30900;33100;34700;35400;36400;37300;39000;;;;
DK05;Nordjylland;1;0;23000;23400;25400;26700;27500;26500;27400;27700;28000;28500;28700;29700;30400;32200;32600;32900;32900;34100;;;;
DE11;Stuttgart;1;0;33400;33400;35900;38500;38300;34500;38500;41100;41900;42400;43800;45500;45600;47800;49600;48600;46900;49500;;;;
DE12;Karlsruhe;1;0;29600;30400;32000;33700;34700;32100;34400;36100;36100;36300;37500;38200;38700;40100;41300;41700;40300;42400;;;;
DE13;Freiburg;1;0;24800;25200;26700;28000;28900;26700;28800;30700;30800;31400;32700;33100;33600;34600;35700;36200;35200;37000;;;;
DE14;Tübingen;1;0;26800;27400;28800;30700;31800;28900;31800;34100;34400;35000;36100;36800;38200;39400;40600;41200;40300;42500;;;;
DE21;Oberbayern;1;0;38000;38700;40000;42200;41800;40400;42700;45700;46200;47200;48600;49700;51200;53400;54100;55200;53800;56600;;;;
DE22;Niederbayern;1;0;24300;24700;25600;27200;27600;26600;29400;31500;31100;31700;33400;33600;34600;36100;36200;36700;36200;38100;;;;
DE23;Oberpfalz;1;0;24700;25400;26400;28400;29300;27900;30300;32500;32900;33500;35400;35800;36700;38700;39300;39700;39300;41400;;;;
DE24;Oberfranken;1;0;22600;22900;24300;25300;25700;25500;27100;28900;29400;29900;30900;32100;33200;34600;35400;35700;35100;37000;;;;
DE25;Mittelfranken;1;0;28500;28400;29500;30900;32000;31000;32600;34700;35600;36000;37300;37900;39100;40700;41900;42400;41500;43600;;;;
DE26;Unterfranken;1;0;25500;26400;27400;28900;29200;27700;29800;32300;32500;32900;34000;34400;35700;37000;37700;38000;37000;38900;;;;
DE27;Schwaben;1;0;25000;25600;26900;27800;28700;27400;29200;31200;31900;32200;33400;34000;35000;36000;36900;37200;36200;38000;;;;
DE30;Berlin;1;0;24400;25100;26100;27300;28700;28200;29600;30900;30700;30900;32100;33000;34700;36300;38100;39000;38400;40200;;;;
DE40;Brandenburg;1;0;17600;18000;18900;19900;20700;20100;21300;22100;22500;23000;24200;24400;25000;26100;26700;27400;27000;28000;;;;
DE50;Bremen;1;0;34700;35500;37200;38800;39500;35500;38000;39500;40900;40900;42100;42300;42900;43900;44500;44000;43200;45600;;;;
DE60;Hamburg;1;0;47500;48600;49100;50800;52500;49900;51700;52200;52700;54100;54900;56300;56700;59100;59800;61200;58100;61900;;;;
DE71;Darmstadt;1;0;38000;38400;39600;41200;41800;39500;41100;42900;42400;42800;44300;44400;45600;46800;47500;47900;46500;48900;;;;
DE72;Gießen;1;0;23300;23800;24500;26000;27000;24700;26000;27400;27300;27500;28800;28900;29800;31000;31900;32400;32000;33600;;;;
DE73;Kassel;1;0;24100;24300;25400;26700;27100;26000;27400;28800;29000;29700;30700;31300;32500;33100;33600;34300;33100;35000;;;;
DE80;Mecklenburg-Vorpommern;1;0;16600;16900;17600;18700;19400;19200;20100;21200;21300;21900;23000;23100;23500;25300;25400;26800;26400;27700;;;;
DE91;Braunschweig;1;0;26800;28100;29300;31500;32500;29900;33400;36500;36600;36900;38800;36700;42800;42800;45100;46400;43600;45500;;;;
DE92;Hannover;1;0;24700;25900;27400;28100;29200;27800;29300;31100;31400;31100;32300;32400;33800;34500;35500;36200;35600;37000;;;;
DE93;Lüneburg;1;0;17600;17800;18500;19600;20100;19200;20200;21600;22200;22700;23700;23900;24200;25000;25800;26500;26300;27400;;;;
DE94;Weser-Ems;1;0;21900;22100;23400;24700;25600;24400;26200;27800;28300;28500;29600;29900;30900;32100;32500;33300;33000;34400;;;;
DEA1;Düsseldorf;1;0;28700;29100;29900;32100;33700;31800;32600;34000;33700;34000;35200;35500;35900;37300;38600;38400;37600;39400;;;;
DEA2;Köln;1;0;28900;29000;30300;32000;32200;31200;32200;33400;33600;34300;35500;36600;37100;38500;39800;39400;38200;40100;;;;
DEA3;Münster;1;0;22000;22500;23500;24900;25900;24300;25800;27000;27200;27000;27800;28200;29000;30200;30900;31500;31300;32800;;;;
DEA4;Detmold;1;0;24000;24700;25600;27500;28000;26500;27700;29500;30000;30700;32200;32300;33200;34100;35200;35800;35500;37300;;;;
DEA5;Arnsberg;1;0;22400;23100;24000;25400;26400;24900;26400;27900;28000;28300;29500;29700;30200;31300;32400;32600;31700;33300;;;;
DEB1;Koblenz;1;0;21500;21800;22700;23700;24200;23100;24500;25800;26200;26700;27900;28400;28900;30200;30900;31400;31100;33100;;;;
DEB2;Trier;1;0;20400;20500;21000;22000;22600;21600;22900;24300;24600;25200;25900;26300;27000;27500;28200;28400;28000;29800;;;;
DEB3;Rheinhessen-Pfalz;1;0;24500;24600;25700;27100;27600;26600;28800;30100;30900;31100;32000;33000;33600;34000;34500;34500;33600;39700;;;;
DEC0;Saarland;1;0;24300;25700;27000;28600;29200;26200;28100;30000;30100;29800;31300;31700;31700;32700;33300;32800;31700;32900;;;;
DED2;Dresden;1;0;19500;19600;20400;21600;21900;21100;22200;23200;23500;24100;25300;26300;26900;27900;28900;29600;29300;30900;;;;
DED4;Chemnitz;1;0;17100;17400;18500;19700;20100;19100;20500;21800;22000;22200;23400;23900;24700;25700;26300;26800;26200;27800;;;;
DED5;Leipzig;1;0;19400;19500;20900;22000;22700;22100;23400;25000;25600;26300;27500;27700;28400;29500;30100;31100;30700;32000;;;;
DEE0;Sachsen-Anhalt;1;0;17200;17400;18400;19600;20200;19300;20800;21500;22400;22800;23400;23700;24300;25200;25800;26600;26400;28000;;;;
DEF0;Schleswig-Holstein;1;0;22300;22500;23200;23900;24700;23700;24500;25600;26300;26500;27400;27500;28100;29600;30300;31100;30900;32400;;;;
DEG0;Thüringen;1;0;17100;17300;18300;19400;19800;18900;20400;21900;22100;23000;24300;24500;25200;26200;26700;27100;26800;28100;;;;
EE00;Eesti;0;1;11800;13600;15300;17500;17700;15400;16300;18300;19200;19800;20700;21000;21700;23300;24700;25800;25800;28800;;;;
IE04;Northern and Western;1;0;21600;22100;24300;24600;22700;20300;21900;24200;24200;21600;22500;24100;22900;25000;25100;25200;23700;27100;;;;
IE05;Southern;1;0;30700;31300;33500;35700;32400;29700;30700;32800;33400;32800;33900;63800;58100;63700;71200;74500;77000;84500;;;;
IE06;Eastern and Midland;1;0;36200;38600;40400;42400;39900;36600;38200;37700;38700;40600;43800;49400;53800;57100;59900;61300;64800;77400;;;;
EL30;Attiki;1;0;27100;27400;30100;30900;32000;31100;28500;25900;24700;25300;25800;26000;25900;26800;27400;28200;25400;27900;;;;
EL41;Voreio Aigaio;1;0;15600;16200;17600;18300;19300;18200;16600;15100;14500;14700;15100;14900;14300;14000;13700;13600;12200;13500;;;;
EL42;Notio Aigaio;1;0;23100;23800;25300;25700;27100;24500;22700;20500;19600;20800;21600;21500;20500;20800;21500;22000;17500;20900;;;;
EL43;Kriti;1;0;19000;18900;20200;20100;21000;19900;18200;15900;15000;15600;16400;16500;16100;16600;17100;17400;14900;17000;;;;
EL51;Anatoliki Makedonia, Thraki;1;0;15000;15200;15500;16200;17100;16400;15700;13700;13200;13100;13200;13200;13300;13500;13800;14000;13100;14600;;;;
EL52;Kentriki Makedonia;1;0;16700;16500;17900;18500;19100;18100;16400;15000;14300;14400;14500;14900;14900;15300;15800;16000;14600;16300;;;;
EL53;Dytiki Makedonia;1;0;18700;19100;19700;19100;18400;18800;18700;18300;20400;20600;20900;20200;18700;19000;18600;17600;15500;17200;;;;
EL54;Ipeiros;1;0;15200;15200;16000;16100;16400;15600;15000;13700;13000;13500;13700;13700;13700;13800;14100;14500;13400;14900;;;;
EL61;Thessalia;1;0;16500;15900;17300;17400;17900;17000;15100;13600;13500;13800;14200;14500;14300;14700;15100;15700;14700;16000;;;;
EL62;Ionia Nisia;1;0;20500;21200;22400;22700;23800;21600;19900;17100;16600;16900;17800;17600;17400;17800;18500;19300;15500;18400;;;;
EL63;Dytiki Ellada;1;0;15900;16100;17700;17800;18000;16900;15900;14200;13800;13800;14000;14100;13900;14100;14500;14900;14000;15400;;;;
EL64;Sterea Ellada;1;0;19900;20300;20900;20900;21400;20000;18700;17200;16700;16700;16700;17000;17300;17900;18200;18600;18400;21200;;;;
EL65;Peloponnisos;1;0;16300;16500;17900;18400;18900;18100;16900;15600;15300;15600;15700;16200;16100;16700;16800;17500;16200;18000;;;;
ES11;Galicia;1;0;17400;18800;20600;22000;22600;21400;21300;21000;20700;21000;21400;22500;23200;24300;24800;25600;22900;24900;;;;
ES12;Principado de Asturias;1;0;18400;19900;21900;23300;23700;22000;22000;21700;21200;20900;21200;22200;22600;23900;24300;25000;22100;24600;;;;
ES13;Cantabria;1;0;20000;21200;22900;24100;24400;22900;22700;22300;21900;21600;22300;22900;23700;24800;25400;26200;23200;25100;;;;
ES21;País Vasco;1;0;26200;27900;30500;32200;32900;30800;30900;30600;30500;30400;31300;32500;33500;35000;35500;36500;32000;34900;;;;
ES22;Comunidad Foral de Navarra;1;0;26600;28100;30200;31400;31800;29800;29500;29300;28700;29000;29800;30900;31700;33200;33300;34400;30400;32900;;;;
ES23;La Rioja;1;0;23100;24300;26200;27400;27700;25900;26000;25700;25300;25500;26500;27500;27700;28900;29500;30200;27100;28900;;;;
ES24;Aragón;1;0;22800;24100;26200;27900;28100;26200;26200;25900;25300;25700;26300;26900;28100;29500;30100;30900;28100;30600;;;;
ES30;Comunidad de Madrid;1;0;28200;29800;32500;33900;34200;32800;32100;32300;32300;32100;33000;34500;35600;37300;37700;39000;34100;36900;;;;
ES41;Castilla y León;1;0;19600;20800;22400;23600;23800;22600;22500;22400;22200;22000;22500;23400;24200;25200;26100;26800;24200;25900;;;;
ES42;Castilla-la Mancha;1;0;17000;18100;19600;20600;20800;19500;19300;19000;18700;18600;18500;19600;20300;21400;21900;22400;20300;21900;;;;
ES43;Extremadura;1;0;14000;15200;16300;17400;17900;17100;17200;16800;16500;16600;16900;17800;18500;19800;20200;20700;18800;20200;;;;
ES51;Catalu?a;1;0;25500;26700;28800;30200;30100;28200;28100;27700;27400;27600;28600;29900;31000;32400;32700;33700;29300;31700;;;;
ES52;Comunitat Valenciana;1;0;19800;20700;22300;23100;23200;21400;21100;20800;20200;20300;21100;22000;22600;23800;24200;24900;21900;23600;;;;
ES53;Illes Balears;1;0;24400;25400;27000;27800;27900;25800;25400;25100;25000;25000;25900;27100;28200;29500;29900;30500;22700;26300;;;;
ES61;Andalucía;1;0;16500;17500;18900;19800;19800;18500;18100;17900;17500;17400;17800;18700;19100;20100;20500;21000;18500;20000;;;;
ES62;Región de Murcia;1;0;18000;19000;20500;21500;21700;20100;20000;19400;19300;19500;19800;21100;21600;22600;22600;23300;20800;22500;;;;
ES63;Ciudad de Ceuta;1;0;18600;19500;20900;21900;22000;21000;20400;19800;19200;19700;19800;20500;20900;21300;21800;22600;20900;22500;;;;
ES64;Ciudad de Melilla;1;0;18600;19300;20500;20800;20800;19700;19000;18400;17600;17800;18100;18700;19200;19500;20000;20700;19000;20400;;;;
ES70;Canarias;1;0;20000;20800;21900;22700;22500;20800;20700;20400;19900;19800;20100;20600;21200;22300;22500;22900;18100;20100;;;;
FR10;Île de France;1;0;37800;39900;40900;43300;44300;42500;45300;45900;46200;47800;48100;49200;50200;51400;53200;56700;52300;56900;;;;
FRB0;Centre - Val de Loire;1;0;21100;21900;22600;23500;23100;22300;23000;23500;23400;23900;23900;24400;24500;25100;25700;27000;25900;27900;;;;
FRC1;Bourgogne;1;0;20600;21300;22000;23300;23600;22500;22600;23400;23200;23700;24100;24300;24100;25200;26000;27000;26100;27900;;;;
FRC2;Franche-Comté;1;0;20300;21000;21300;22100;22200;21200;21500;22100;21000;21400;21700;22200;22700;23100;23300;24700;23900;25300;;;;
FRD1;Basse-Normandie;1;0;19800;20600;21300;22000;22300;21400;21900;22800;22300;22900;22900;23300;23600;23600;24300;25600;24500;26200;;;;
FRD2;Haute-Normandie;1;0;21600;22600;23100;24400;24400;23200;24300;24900;24800;25400;25400;25900;25600;26000;26400;27500;26000;28400;;;;
FRE1;Nord-Pas-de-Calais;1;0;18900;19900;20800;21800;22400;21500;22000;22700;22400;23000;23300;23800;24100;24800;25500;26700;25700;27600;;;;
FRE2;Picardie;1;0;18900;19800;20100;21200;21200;20200;20900;21400;21300;21700;21600;22300;22000;22800;23100;24300;23200;24700;;;;
FRF1;Alsace;1;0;22800;23500;24200;25400;25900;25000;25200;26000;25600;26400;26700;27000;27500;28200;29100;30400;28700;30700;;;;
FRF2;Champagne-Ardenne;1;0;21800;22500;23100;24300;24400;22900;23500;24900;24000;24600;24500;24700;24500;25600;26400;27400;26000;27900;;;;
FRF3;Lorraine;1;0;19500;20300;20800;21600;21300;20500;20700;21200;20800;21300;21600;21900;21900;22500;23000;23900;23000;24600;;;;
FRG0;Pays-de-la-Loire;1;0;21200;22200;22800;23800;24400;23300;23600;24700;24500;25100;25400;26000;26300;27000;27700;29300;28200;30100;;;;
FRH0;Bretagne;1;0;20700;21900;22600;23300;22900;21900;22300;23100;23000;23600;24000;24600;25000;25900;26300;27800;27200;29200;;;;
FRI1;Aquitaine;1;0;21200;22400;23300;24100;23800;23300;24100;24900;24700;25000;25200;25700;26200;26700;27500;28900;27400;29900;;;;
FRI2;Limousin;1;0;18800;19900;20500;21200;20900;20300;20100;20700;20500;21400;21600;22100;21900;22600;23000;24700;23900;25000;;;;
FRI3;Poitou-Charentes;1;0;19600;20400;20900;21900;21700;21000;21600;22400;22600;23100;23400;23700;23800;24400;25200;26600;25600;27500;;;;
FRJ1;Languedoc-Roussillon;1;0;18500;19400;20200;21000;21200;20600;21100;21700;21300;21500;21700;22000;22300;22700;23300;24500;23700;25600;;;;
FRJ2;Midi-Pyrénées;1;0;20800;22200;23500;23700;23900;23300;23600;24500;24900;25600;26100;26700;27200;27700;28700;29900;27700;29300;;;;
FRK1;Auvergne;1;0;19400;20300;20900;21900;21500;20700;21000;22100;21800;22600;22800;23300;23500;24700;25300;26700;25700;27100;;;;
FRK2;Rhône-Alpes;1;0;23900;25100;26200;27100;27700;26300;27200;28200;27900;28400;28600;29100;29700;30500;31600;33200;31600;33900;;;;
FRL0;Provence-Alpes-Côte d'Azur;1;0;22000;23400;24200;24900;25000;24500;25800;26200;26500;26800;27000;27500;27800;28500;29200;30700;29200;32300;;;;
FRM0;Corse;1;0;17400;18600;19500;19700;21000;21300;21500;22400;22200;22700;22700;23300;23300;23900;24700;25800;24100;26700;;;;
FRY1;Guadeloupe;1;0;15100;16400;17200;17700;18400;17400;18300;18900;19000;19500;20000;20600;21100;19700;20400;21700;20400;21100;;;;
FRY2;Martinique;1;0;14600;15700;16400;16900;17500;16900;17800;18500;18600;19100;19700;20300;20500;21100;21700;22400;22400;23500;;;;
FRY3;Guyane;1;0;11400;11800;12300;12200;12400;12500;12800;13300;13700;13800;13700;13400;13600;13500;13900;14300;14100;14300;;;;
FRY4;La Réunion;1;0;14200;15300;16000;16800;17200;16300;16500;17100;17200;17500;17800;18300;18800;19300;19600;20500;20100;21500;;;;
FRY5;Mayotte;1;0;4200;4700;5200;5500;6100;5900;6300;6400;6400;6900;7200;7800;8000;8400;8300;8700;8700;9100;;;;
HR02;Panonska Hrvatska;0;1;8700;9000;10100;10900;11700;10800;10300;10800;10800;10900;10700;11000;11400;11800;12200;13000;12600;14400;;;;
HR03;Jadranska Hrvatska;0;1;11800;12300;13500;15200;15800;14800;14500;15000;15200;15300;15500;16300;17100;18400;19200;20200;17700;21000;;;;
HR05;Grad Zagreb;0;1;20200;22000;24400;26700;28200;27100;28500;29100;29100;28800;28900;30800;32100;34300;36200;38800;36700;42400;;;;
HR06;Sjeverna Hrvatska;0;1;9400;9900;10700;11800;12500;11800;11000;11500;11700;12200;12200;12800;13500;14400;15300;16400;16100;18300;;;;
ITC1;Piemonte;1;0;26000;26600;27800;28800;29100;26700;27700;28400;27600;27600;27300;28100;29500;30700;31500;32000;29800;32600;;;;
ITC2;Valle d'Aosta/Vallée d'Aoste;1;0;32600;33400;34600;35700;37100;35000;36500;37400;37800;35800;35100;35500;36000;37600;38100;39000;36100;39200;;;;
ITC3;Liguria;1;0;25800;26500;27500;29300;30400;28500;28300;29100;28800;28300;28700;29400;30700;31600;31900;32900;30100;32800;;;;
ITC4;Lombardia;1;0;31700;32200;33200;34700;36200;33900;35200;35900;35200;34400;34600;35400;37100;38200;39200;39900;37700;41400;;;;
ITH1;Provincia Autonoma di Bolzano/Bozen;1;0;33900;34100;36000;37600;38900;38000;39000;40200;41800;41700;41500;42400;43900;45400;47100;48700;45300;49100;;;;
ITH2;Provincia Autonoma di Trento;1;0;31300;31600;32800;34500;35100;33800;34400;35100;35100;35400;34900;34900;36100;36900;38300;39600;37500;40800;;;;
ITH3;Veneto;1;0;27000;27500;28500;29800;29900;28300;28800;29800;29400;29000;29200;30000;31600;32600;33200;34200;31600;34500;;;;
ITH4;Friuli-Venezia Giulia;1;0;25200;26100;27500;28900;28900;26900;27900;28600;27900;27900;27800;28800;29800;30700;31600;32700;30800;33400;;;;
ITH5;Emilia-Romagna;1;0;28700;29200;30800;32400;32900;30500;31000;32300;31800;31700;31900;32600;34200;35300;36000;36600;34500;37700;;;;
ITI1;Toscana;1;0;25400;25700;27000;28200;28700;27600;27700;28500;28400;27900;28200;28600;29900;30700;31500;33100;29500;31900;;;;
ITI2;Umbria;1;0;23300;23600;24800;25800;26200;24200;24500;24800;24200;23500;22900;23800;24400;25200;26100;26600;24700;27100;;;;
ITI3;Marche;1;0;23100;23600;25000;26100;26100;24900;24900;25400;25000;24400;24800;25200;26200;27000;27600;28400;26600;29200;;;;
ITI4;Lazio;1;0;31100;31700;32800;34200;34400;33100;33200;33700;32700;31600;31300;31400;33200;33800;34400;35200;32700;35300;;;;
ITF1;Abruzzo;1;0;19700;20600;21600;22600;23300;22100;22700;23800;23900;23300;23100;23400;24100;24900;25200;25700;24000;26300;;;;
ITF2;Molise;1;0;18600;19000;20500;21600;21500;20800;20800;20900;20400;19000;18700;19200;19800;20500;21000;21900;20800;22500;;;;
ITF3;Campania;1;0;16100;16500;17200;18000;18300;17500;17300;17400;17400;17000;16900;17400;18100;18600;18900;19500;18300;20100;;;;
ITF4;Puglia;1;0;15500;15800;16600;17100;17200;16500;16800;17200;17400;16900;16900;17400;18100;18600;19100;19600;18600;20300;;;;
ITF5;Basilicata;1;0;17400;17700;18900;20000;20300;19000;18800;19600;19600;20000;19200;21100;21500;21900;23200;23300;21400;24500;;;;
ITF6;Calabria;1;0;14700;15100;15900;16400;17000;16400;16400;16600;16400;16000;15800;16100;16700;17200;17300;17700;16700;18100;;;;
ITG1;Sicilia;1;0;15500;16100;16900;17400;17800;17100;17100;17100;17200;16800;16300;16700;17200;17800;17900;18400;17500;18800;;;;
ITG2;Sardegna;1;0;17400;17700;18600;19300;20100;19300;19400;19800;19900;19200;19100;20000;20200;20800;21200;22000;20600;22600;;;;
CY00;Kypros;0;1;21200;22700;23900;26000;27000;25600;25400;24900;23600;22000;21600;22900;24900;26400;27600;29100;27100;29400;;;;
LV00;Latvija;0;1;10000;11400;12600;14400;15200;12800;13400;14300;15700;16300;17000;17900;18500;19700;20900;21700;21600;23300;;;;
LT01;Sostines regionas;0;1;15500;17400;19800;23200;24000;20200;22200;24300;26100;28000;29400;30200;31100;33100;35700;38400;38000;43100;;;;
LT02;Vidurio ir vakaru Lietuvos regionas;0;1;9000;10000;10800;12300;13300;11400;12700;14400;15300;16000;16700;17100;17700;19200;20200;21400;21400;23200;;;;
LU00;Luxembourg;1;0;52800;56300;62700;67100;70500;65500;68300;70200;71300;72600;75200;77600;78500;78900;78900;78700;78500;87100;;;;
HU11;Budapest;0;1;27400;29600;31500;32400;35200;35400;36000;37200;37400;37400;38300;38500;39000;41200;43800;47700;46500;50600;;;;
HU12;Pest;0;1;11800;12600;12800;14200;14100;13500;14400;14500;14300;15000;15400;16100;15800;16000;17100;18100;17900;19800;;;;
HU21;Közép-Dunántúl;0;1;12600;13100;13300;13900;14600;13200;14200;15100;15000;15900;16600;18100;18500;18900;20100;21100;20200;22700;;;;
HU22;Nyugat-Dunántúl;0;1;13900;14000;15100;15200;16000;15000;16800;17500;17500;18100;19500;20900;21100;21300;22100;22200;21100;22100;;;;
HU23;Dél-Dunántúl;0;1;9300;9500;9700;10100;10900;10700;11100;11500;11700;12200;12200;12800;13000;13700;15000;15500;15200;16600;;;;
HU31;Észak-Magyarország;0;1;8500;9100;9300;9400;9800;9200;9800;10200;10100;10900;11500;12900;12900;14000;14900;15100;15100;16900;;;;
HU32;Észak-Alföld;0;1;8900;9100;9400;9400;10000;9900;10400;11200;11100;11300;11800;12300;12300;13000;13900;14700;14800;15900;;;;
HU33;Dél-Alföld;0;1;9400;9700;10000;10100;10900;10500;10900;11600;11800;12500;13100;14000;13900;14500;15800;16500;16600;17600;;;;
MT00;Malta;0;1;17600;18200;18500;19700;20500;20100;21700;21500;22300;23300;24500;26900;27500;29800;30800;32400;29300;33000;;;;
NL11;Groningen;1;0;31400;34000;37400;38600;43300;37700;38500;40000;41800;43400;39700;37900;35100;36200;36800;36000;33700;37500;;;;
NL12;Friesland (NL);1;0;20200;21600;22900;24400;25400;23800;24100;25100;25100;25200;25100;25000;24900;25900;27000;27700;27900;29800;;;;
NL13;Drenthe;1;0;21300;22500;24100;25700;27100;24500;24400;25000;25400;25800;25300;25100;24800;25700;26900;27000;26800;28400;;;;
NL21;Overijssel;1;0;23400;24700;25900;27800;29300;27900;27900;28800;28300;28800;28800;29500;30100;31400;32900;33400;33400;35300;;;;
NL22;Gelderland;1;0;24300;25300;27100;28800;29800;28300;28400;29400;29100;29500;29500;30100;30400;31900;33000;33500;33600;35500;;;;
NL23;Flevoland;1;0;22500;23600;25700;27700;27700;25300;26100;26200;26200;26100;26100;26700;27200;28300;29200;29300;29300;30900;;;;
NL31;Utrecht;1;0;37100;38600;40300;43000;44000;43000;42900;43000;43100;43900;43400;44200;44000;46400;48300;49700;50000;52600;;;;
NL32;Noord-Holland;1;0;37500;39200;41000;43400;44600;41700;42700;43200;43300;44700;45300;46900;47700;49600;51900;53100;50500;54400;;;;
NL33;Zuid-Holland;1;0;30600;32600;34400;36900;38100;35300;35400;35300;35800;36100;35400;36400;36400;37300;38300;38400;38200;41200;;;;
NL34;Zeeland;1;0;22200;22900;23800;26400;27800;25300;26800;27600;27500;27800;27800;28800;28900;29800;31400;31500;31900;35400;;;;
NL41;Noord-Brabant;1;0;28200;29800;31500;33300;34400;32300;33000;34100;34300;34700;34800;36200;36500;38500;39800;40200;40400;43200;;;;
NL42;Limburg (NL);1;0;24600;25400;26900;29000;29600;27500;28200;29100;29000;29800;29600;31000;32000;33500;34600;35000;34700;37900;;;;
AT11;Burgenland (AT);1;0;18900;19100;19500;20400;20600;20400;21200;22100;23400;23800;24100;25000;25600;26400;27100;27700;26600;28100;;;;
AT12;Niederösterreich;1;0;22600;23100;24200;25500;26300;25200;25900;27000;28000;28200;28600;29500;29900;30900;32000;33000;31100;33600;;;;
AT13;Wien;1;0;37100;38100;39600;40400;41600;40500;41400;42400;43100;42900;42700;43300;44400;43800;45500;46100;43700;46500;;;;
AT21;Kärnten;1;0;23100;24200;25200;26600;27200;25900;26700;28300;29000;29200;29700;30200;30400;31500;33000;33600;32600;35300;;;;
AT22;Steiermark;1;0;24200;25200;26200;27600;28400;27200;28000;29300;30700;30800;31500;32100;33000;34000;34800;36000;34500;36200;;;;
AT31;Oberösterreich;1;0;26700;28300;29500;30700;32100;30500;31600;33400;34600;35300;35800;36500;37200;38000;39600;40300;38700;40900;;;;
AT32;Salzburg;1;0;31200;32500;34200;36100;36800;35400;37300;38900;40900;40700;41000;42600;43800;44500;45800;47100;44800;46700;;;;
AT33;Tirol;1;0;28200;29800;31300;32300;32800;32000;32600;34100;35900;36500;36900;38300;39000;39500;41000;42000;39300;39800;;;;
AT34;Vorarlberg;1;0;28600;29800;31100;32400;33400;31900;32700;34500;35600;36600;37700;40300;39400;40800;43500;42200;40600;45300;;;;
PL21;Malopolskie;0;1;9700;10100;10900;11800;12700;12800;13700;14800;15200;15300;15900;17200;17500;18600;19700;20800;20800;23000;;;;
PL22;Slaskie;0;1;12200;12200;12800;14000;15200;15300;16700;17900;18200;18000;18600;19800;20000;21100;22300;23400;22700;25500;;;;
PL41;Wielkopolskie;0;1;11700;12200;12800;14000;15000;15500;16400;17500;18200;18600;19200;20700;21100;22200;23200;24800;25000;27000;;;;
PL42;Zachodniopomorskie;0;1;9800;10300;10800;11700;12700;12600;13400;14000;14500;14500;15100;16100;16200;17000;18000;19000;19100;20700;;;;
PL43;Lubuskie;0;1;9700;10300;10800;11800;12300;12300;13300;13900;14300;14500;15200;15900;16300;16800;17600;18500;18600;20200;;;;
PL51;Dolnoslaskie;0;1;11000;11700;12900;14400;15400;15800;17600;19000;19500;19400;20000;21200;21400;22500;23500;24900;25300;27900;;;;
PL52;Opolskie;0;1;9300;9500;9800;11100;12200;11800;12800;13600;13900;14000;14600;15400;15400;16100;17000;18000;17900;20000;;;;
PL61;Kujawsko-Pomorskie;0;1;9600;9800;10400;11400;12200;12100;12900;13600;14000;14200;14600;15600;15800;16400;17400;18200;18600;20200;;;;
PL62;Warminsko-Mazurskie;0;1;8300;8600;9000;9800;10500;10600;11400;12000;12300;12500;12900;13500;13800;14300;14800;15600;16000;17400;;;;
PL63;Pomorskie;0;1;10700;11300;11900;13100;13600;14200;15000;16000;16800;16700;17100;18300;18700;19600;20900;22200;21700;24400;;;;
PL71;Lódzkie;0;1;10000;10500;11100;12200;13200;13200;14500;15400;16100;16200;16800;17800;18100;18900;20000;21500;22100;23800;;;;
PL72;Swietokrzyskie;0;1;8700;8700;9400;10500;11700;11400;12100;12700;12900;12700;13100;13800;13900;14500;15600;16300;16500;17900;;;;
PL81;Lubelskie;0;1;7700;8000;8300;9300;10100;9900;10800;11600;12100;12300;12600;13100;13400;14100;14600;15600;15600;16900;;;;
PL82;Podkarpackie;0;1;7900;8200;8600;9300;10200;10200;10900;11700;12000;12300;12700;13500;13700;14200;15100;16100;15800;17300;;;;
PL84;Podlaskie;0;1;8100;8400;8800;9800;10400;10600;11500;12200;12400;12700;13100;13600;13800;14700;15400;16500;16800;18100;;;;
PL91;Warszawski stoleczny;0;1;23000;24700;26200;28900;30300;31200;34600;36400;37800;38300;39500;41400;42000;44400;46900;50100;50200;53700;;;;
PL92;Mazowiecki regionalny;0;1;8900;9300;9800;10700;11500;11800;13000;14300;14700;14700;15200;16300;16500;17400;18200;19800;19600;21700;;;;
PT11;Norte;1;0;13700;14600;15400;16100;16600;16000;16600;16100;16000;16700;17300;18000;18600;19200;20200;21000;19900;21200;;;;
PT15;Algarve;1;0;18600;19900;21000;21800;22100;20400;20500;19700;19600;20200;21000;21900;23400;25000;26300;27600;22900;24700;;;;
PT16;Centro (PT);1;0;14900;15700;16600;17200;17200;16800;17400;16800;16700;17300;17700;18400;19000;19600;20500;21300;20400;21500;;;;
PT17;Área Metropolitana de Lisboa;1;0;25400;26800;28100;29000;29600;28600;29200;28100;27000;27700;27800;28400;28900;29700;30800;32000;29400;31100;;;;
PT18;Alentejo;1;0;16300;17100;18400;18800;18700;17900;18900;18200;17800;18200;18700;20200;20400;21400;21900;22400;20900;22900;;;;
PT20;Regi?o Autónoma dos Açores (PT);1;0;15200;16300;17200;17700;18500;18100;18700;18000;17600;18200;18500;19100;19700;20100;20900;21800;20200;21300;;;;
PT30;Regi?o Autónoma da Madeira (PT);1;0;17400;18600;19600;20100;20600;19700;20100;20000;18800;19500;20000;20600;21300;22400;23100;23800;20600;22500;;;;
RO11;Nord-Vest;0;1;6800;7100;8400;10000;11200;10900;11200;11300;12700;12300;13000;13600;14900;17300;18400;20200;20500;22600;;;;
RO12;Centru;0;1;7200;7400;8800;10600;11800;11400;12100;12500;14200;13300;13800;14500;15800;17600;19200;20500;20700;22900;;;;
RO21;Nord-Est;0;1;4800;5000;5700;6600;7600;7400;7700;7600;9100;8800;9100;9500;10200;11600;12700;13900;14300;15800;;;;
RO22;Sud-Est;0;1;6500;6700;7700;8600;9900;9700;10000;11000;12600;12800;13300;13300;13900;15300;16600;17500;17100;19000;;;;
RO31;Sud - Muntenia;0;1;6100;6400;7500;8500;10200;10300;10200;11500;11300;11300;12600;12400;13300;14300;15700;16500;16400;18400;;;;
RO32;Bucuresti - Ilfov;0;1;15300;18200;20600;24400;31200;28000;29600;33100;34100;33300;33900;37100;38800;42900;45400;50000;50100;53900;;;;
RO41;Sud-Vest Oltenia;0;1;6000;5900;7000;7900;9200;9100;9300;9700;11100;10500;10600;11300;12000;13800;15500;17000;16800;18700;;;;
RO42;Vest;0;1;8000;8500;10200;11600;13700;13200;14100;14500;15900;14700;15000;16200;17600;19100;20600;22400;21900;24300;;;;
SI03;Vzhodna Slovenija;0;1;15300;16000;16700;17700;18800;16900;17200;17800;17700;17900;18400;18900;19500;20700;21800;23000;22100;23900;;;;
SI04;Zahodna Slovenija;0;1;22600;23700;24900;26600;27800;25200;25500;25900;25800;25800;26400;27100;28200;30000;31700;33100;31900;34900;;;;
SK01;Bratislavský kraj;0;1;28600;33400;35500;40200;43200;43500;47200;49600;49100;50900;51100;53200;50800;50000;50500;50900;49500;48200;;;;
SK02;Západné Slovensko;0;1;11700;12700;14800;16200;17400;15900;17500;18500;18900;18800;19400;19600;18900;18700;19200;20500;19900;20400;;;;
SK03;Stredné Slovensko;0;1;10000;10500;11500;13100;14700;13800;15500;15200;15700;15900;16400;17300;16400;16400;17000;17900;17100;18600;;;;
SK04;Východné Slovensko;0;1;9100;9700;10300;11300;12800;11700;12900;13200;13700;13800;14400;15200;14300;14800;15300;15500;15400;16400;;;;
FI19;Länsi-Suomi;1;0;22500;23400;24200;26700;28000;25600;26500;27800;27500;26800;26800;27200;27600;28800;29700;30000;30400;32600;;;;
FI1B;Helsinki-Uusimaa;1;0;33800;34900;36700;40000;41600;39300;40300;40300;39500;39700;39200;40500;41100;42700;43700;44700;44200;46400;;;;
FI1C;Etelä-Suomi;1;0;23700;24200;24900;27000;27700;25100;25100;26800;26800;26200;26400;26700;27400;29100;29900;30300;30400;32300;;;;
FI1D;Pohjois- ja Itä-Suomi;1;0;20700;21200;22200;24000;25100;22500;23700;24800;24700;24600;24800;24900;25800;27200;28000;28300;28700;30800;;;;
FI20;?land;1;0;32500;33000;33500;34400;33900;35200;34900;35300;37300;37500;37600;37900;37100;37800;34900;35900;31900;35400;;;;
SE11;Stockholm;1;0;38700;39500;41300;44900;45300;44100;44400;46400;46600;46500;47500;49900;49000;48800;49900;51700;51100;55300;;;;
SE12;Östra Mellansverige;1;0;23800;24000;25900;27800;28000;25900;27400;28600;29200;28900;28900;30000;29900;30700;31300;31500;31300;33700;;;;
SE21;Sm?land med öarna;1;0;24400;23900;26300;28300;29000;25400;27200;28600;28700;28600;28800;29900;30000;30800;31200;31300;31100;33400;;;;
SE22;Sydsverige;1;0;24800;25100;26700;29800;28800;26200;27900;28500;28700;28800;29200;30300;29900;30900;31100;31900;32100;34000;;;;
SE23;Västsverige;1;0;26500;26800;29000;30900;31800;29000;30300;31700;31800;31800;32300;34400;34300;35200;35300;36000;35000;37600;;;;
SE31;Norra Mellansverige;1;0;23100;23400;25000;26300;26600;24100;26100;27000;27500;27200;27300;27800;27900;28400;29300;29900;29500;32100;;;;
SE32;Mellersta Norrland;1;0;24900;25500;26700;27400;29000;27500;29900;29800;29900;29500;29600;29900;29600;30300;31100;31700;30900;34900;;;;
SE33;Övre Norrland;1;0;24800;25500;28100;28800;30700;26800;31600;32800;32800;31900;31400;31700;31600;33400;34700;36500;35600;41100;;;;
